run_id,task_type,model,feature,importance_mean,importance_std
treatment_non_weather,classification,HistGB_lr003_leaf15_l2,work_interfere,0.12655771616486727,0.025935909386416826
treatment_non_weather,classification,HistGB_lr003_leaf15_l2,care_options,0.04534298230710641,0.018999034821226567
treatment_non_weather,classification,HistGB_lr003_leaf15_l2,state,0.04324233804740492,0.015973258620348443
treatment_non_weather,classification,HistGB_lr003_leaf15_l2,mental_health_consequence,0.03615697671746911,0.013191660774368525
treatment_non_weather,classification,HistGB_lr003_leaf15_l2,family_history,0.029941248331123927,0.011705585406361197
treatment_non_weather,classification,HistGB_lr003_leaf15_l2,age,0.021035287595403497,0.014475449932801537
treatment_non_weather,classification,HistGB_lr003_leaf15_l2,benefits,0.013670688150687638,0.009622274419180694
treatment_non_weather,classification,HistGB_lr003_leaf15_l2,no_employees,0.011405032664365655,0.010011989134785945
treatment_non_weather,classification,HistGB_lr003_leaf15_l2,leave,0.010105232684913989,0.0072776857515655284
treatment_non_weather,classification,HistGB_lr003_leaf15_l2,wellness_program,0.00902663229168683,0.007951954523161114
treatment_non_weather,classification,HistGB_lr003_leaf15_l2,seek_help,0.0088361306004352,0.006620534933667559
treatment_non_weather,classification,HistGB_lr003_leaf15_l2,gender_clean,0.003153213950993261,0.005617255679420399
treatment_non_weather,classification,HistGB_lr003_leaf15_l2,gender,0.0027901024678254503,0.005558431546969507
treatment_non_weather,classification,HistGB_lr003_leaf15_l2,tech_company,5.806995316204322e-06,0.0043931817770868735
treatment_non_weather,classification,HistGB_lr003_leaf15_l2,state_code,0.0,0.0
treatment_non_weather,classification,HistGB_lr003_leaf15_l2,mental_vs_physical,-0.0011396281299032474,0.005113615309166154
treatment_non_weather,classification,HistGB_lr003_leaf15_l2,supervisor,-0.0012030967405229464,0.006606895066469251
treatment_non_weather,classification,HistGB_lr003_leaf15_l2,obs_consequence,-0.0012698115353479977,0.005078683212375961
treatment_non_weather,classification,HistGB_lr003_leaf15_l2,phys_health_consequence,-0.0013863407409384187,0.0027726814818768374
treatment_non_weather,classification,HistGB_lr003_leaf15_l2,anonymity,-0.00378965689877353,0.007037767036944783
treatment_non_weather,classification,HistGB_lr003_leaf15_l2,coworkers,-0.003981585217715989,0.005400445351319856
treatment_non_weather,classification,HistGB_lr003_leaf15_l2,mental_health_interview,-0.00537927964834235,0.0026917755438789948
treatment_non_weather,classification,HistGB_lr003_leaf15_l2,remote_work,-0.006586560292078825,0.006022443690212435
treatment_non_weather,classification,HistGB_lr003_leaf15_l2,self_employed,-0.006654898179006552,0.0
treatment_non_weather,classification,HistGB_lr003_leaf15_l2,phys_health_interview,-0.01613720923109263,0.008233435138331297
treatment_weather_augmented,classification,Logistic_C0.03_balanced,family_history,0.07261922410714061,0.00748483801010399
treatment_weather_augmented,classification,Logistic_C0.03_balanced,work_interfere,0.056260496695566056,0.012939667856207811
treatment_weather_augmented,classification,Logistic_C0.03_balanced,wind_gust,0.025994672164948128,0.007841079460962519
treatment_weather_augmented,classification,Logistic_C0.03_balanced,mental_health_consequence,0.02587203841553194,0.007842651669337567
treatment_weather_augmented,classification,Logistic_C0.03_balanced,care_options,0.01984976198720041,0.025005711846023522
treatment_weather_augmented,classification,Logistic_C0.03_balanced,obs_consequence,0.00953239520897926,0.010175350099924416
treatment_weather_augmented,classification,Logistic_C0.03_balanced,benefits,0.007450469714073283,0.011582687069369237
treatment_weather_augmented,classification,Logistic_C0.03_balanced,leave,0.0055402891768401965,0.013796924632344295
treatment_weather_augmented,classification,Logistic_C0.03_balanced,pressure_hpa,0.005515608774748504,0.009010462398131644
treatment_weather_augmented,classification,Logistic_C0.03_balanced,gender,0.005468082098648441,0.007923854217011032
treatment_weather_augmented,classification,Logistic_C0.03_balanced,remote_work,0.0040949716069123895,0.00693363532867238
treatment_weather_augmented,classification,Logistic_C0.03_balanced,latitude,0.0040790130864371,0.009206764700002193
treatment_weather_augmented,classification,Logistic_C0.03_balanced,mental_vs_physical,0.0028131971076518435,0.01009638506569652
treatment_weather_augmented,classification,Logistic_C0.03_balanced,age,0.0027571330077836185,0.009202061752244665
treatment_weather_augmented,classification,Logistic_C0.03_balanced,sunlight_hours,0.0027218367311438786,0.005424633702827892
treatment_weather_augmented,classification,Logistic_C0.03_balanced,gender_clean,0.0015142973994470177,0.010871622565493143
treatment_weather_augmented,classification,Logistic_C0.03_balanced,mental_health_interview,0.0013762902721301095,0.006648559286374863
treatment_weather_augmented,classification,Logistic_C0.03_balanced,supervisor,0.0013755847861203873,0.009954885220378
treatment_weather_augmented,classification,Logistic_C0.03_balanced,temperature_max_f,0.0013609632395100934,0.0027219264790201867
treatment_weather_augmented,classification,Logistic_C0.03_balanced,temperature_min_f,0.0013609632395100934,0.0027219264790201867
treatment_weather_augmented,classification,Logistic_C0.03_balanced,phys_health_consequence,0.0013570866074169353,0.0027141732148338706
treatment_weather_augmented,classification,Logistic_C0.03_balanced,self_employed,0.0013570866074169353,0.0027141732148338706
treatment_weather_augmented,classification,Logistic_C0.03_balanced,humidity,0.0013570866074169353,0.0027141732148338706
treatment_weather_augmented,classification,Logistic_C0.03_balanced,longitude,0.00014439057795803122,0.004323775689855662
treatment_weather_augmented,classification,Logistic_C0.03_balanced,state,1.5368764706402692e-05,0.004285551948707301
treatment_weather_augmented,classification,Logistic_C0.03_balanced,city,1.5368764706402692e-05,0.004285551948707301
treatment_weather_augmented,classification,Logistic_C0.03_balanced,retrieved_at_utc,1.5368764706402692e-05,0.004285551948707301
treatment_weather_augmented,classification,Logistic_C0.03_balanced,state_code,1.5368764706402692e-05,0.004285551948707301
treatment_weather_augmented,classification,Logistic_C0.03_balanced,coworkers,1.532703262001611e-05,0.0060692813316885735
treatment_weather_augmented,classification,Logistic_C0.03_balanced,wellness_program,7.573768433699612e-06,0.0060606092636359635
treatment_weather_augmented,classification,Logistic_C0.03_balanced,feels_like_f,0.0,0.0
treatment_weather_augmented,classification,Logistic_C0.03_balanced,temperature_f,0.0,0.0
treatment_weather_augmented,classification,Logistic_C0.03_balanced,visibility_m,0.0,0.0
treatment_weather_augmented,classification,Logistic_C0.03_balanced,cloud_cover,0.0,0.0
treatment_weather_augmented,classification,Logistic_C0.03_balanced,tech_company,0.0,0.0
treatment_weather_augmented,classification,Logistic_C0.03_balanced,temperature_c,0.0,0.0
treatment_weather_augmented,classification,Logistic_C0.03_balanced,anonymity,-0.0012815596253751282,0.006602498211515376
treatment_weather_augmented,classification,Logistic_C0.03_balanced,no_employees,-0.002518014001272206,0.009297026466034678
treatment_weather_augmented,classification,Logistic_C0.03_balanced,wind_speed,-0.004034400900300894,0.009176312942837526
treatment_weather_augmented,classification,Logistic_C0.03_balanced,timezone_offset_seconds,-0.005340504606652652,0.005107315680407409
treatment_weather_augmented,classification,Logistic_C0.03_balanced,rain_1h,-0.0053981986560238,0.005070528908086705
treatment_weather_augmented,classification,Logistic_C0.03_balanced,phys_health_interview,-0.006725043016098842,0.01351967888151449
treatment_weather_augmented,classification,Logistic_C0.03_balanced,seek_help,-0.009444406492245183,0.0054029493536180365
treatment_weather_augmented,classification,Logistic_C0.03_balanced,wind_direction,-0.013515905450565913,0.0
burnout_index_non_weather,regression,HistGBReg_lr002_leaf63_l2,sleep_disorder_risk,0.6706090382725326,0.004764190005867287
burnout_index_non_weather,regression,HistGBReg_lr002_leaf63_l2,occupation,0.36584106124743015,0.0053393769773418115
burnout_index_non_weather,regression,HistGBReg_lr002_leaf63_l2,day_type,0.13897700410651678,0.0020760989253769653
burnout_index_non_weather,regression,HistGBReg_lr002_leaf63_l2,rem_percentage,0.022125363658835256,0.002255177666717249
burnout_index_non_weather,regression,HistGBReg_lr002_leaf63_l2,mental_health_condition,0.021167635132588052,0.0006143935666569085
burnout_index_non_weather,regression,HistGBReg_lr002_leaf63_l2,bmi,0.020336100420230225,0.000879491820393268
burnout_index_non_weather,regression,HistGBReg_lr002_leaf63_l2,shift_work,0.008675595411737643,0.000371244999452664
burnout_index_non_weather,regression,HistGBReg_lr002_leaf63_l2,deep_sleep_percentage,0.0028152241582488635,0.0009720148506575994
burnout_index_non_weather,regression,HistGBReg_lr002_leaf63_l2,sleep_aid_used,0.0017151052565658558,0.0003202110778784664
burnout_index_non_weather,regression,HistGBReg_lr002_leaf63_l2,chronotype,0.0016880714160156425,0.00034336837078347823
burnout_index_non_weather,regression,HistGBReg_lr002_leaf63_l2,caffeine_mg_before_bed,0.00168199749161424,0.00021610654582301903
burnout_index_non_weather,regression,HistGBReg_lr002_leaf63_l2,exercise_day,0.001507987609483415,0.00048395165460040946
burnout_index_non_weather,regression,HistGBReg_lr002_leaf63_l2,age,0.0011971766891654134,0.0001384744529977517
burnout_index_non_weather,regression,HistGBReg_lr002_leaf63_l2,nap_duration_mins,0.0009059461370265106,0.0003468749123371395
burnout_index_non_weather,regression,HistGBReg_lr002_leaf63_l2,alcohol_units_before_bed,0.0008485104995687628,0.00023032654499583372
burnout_index_non_weather,regression,HistGBReg_lr002_leaf63_l2,heart_rate_resting_bpm,0.0007852898840218595,0.00014072027716255158
burnout_index_non_weather,regression,HistGBReg_lr002_leaf63_l2,screen_time_before_bed_mins,0.0005580231294540402,0.00014006663217572214
burnout_index_non_weather,regression,HistGBReg_lr002_leaf63_l2,person_id,0.00010316364094945889,2.9799814297085805e-05
burnout_index_non_weather,regression,HistGBReg_lr002_leaf63_l2,country,2.9907791918803994e-05,2.583486978556442e-05
burnout_index_non_weather,regression,HistGBReg_lr002_leaf63_l2,gender,-3.549226926398882e-05,1.636358432193625e-05
burnout_index_non_weather,regression,HistGBReg_lr002_leaf63_l2,steps_that_day,-4.1157533369418076e-05,5.693478361235514e-05
burnout_index_weather_augmented,regression,HistGBReg_lr002_leaf63_l2,sleep_disorder_risk,0.6699386078147395,0.005007523035945943
burnout_index_weather_augmented,regression,HistGBReg_lr002_leaf63_l2,occupation,0.3667905686110515,0.005267734453797938
burnout_index_weather_augmented,regression,HistGBReg_lr002_leaf63_l2,day_type,0.13877246209953562,0.001812050821307555
burnout_index_weather_augmented,regression,HistGBReg_lr002_leaf63_l2,rem_percentage,0.02225526808479361,0.002178777634044792
burnout_index_weather_augmented,regression,HistGBReg_lr002_leaf63_l2,mental_health_condition,0.020580768877206796,0.0007776760367092332
burnout_index_weather_augmented,regression,HistGBReg_lr002_leaf63_l2,bmi,0.020346687991119643,0.001056059380605125
burnout_index_weather_augmented,regression,HistGBReg_lr002_leaf63_l2,shift_work,0.008448044995607251,0.00025859369304171196
burnout_index_weather_augmented,regression,HistGBReg_lr002_leaf63_l2,room_temperature_celsius,0.003227701039614598,0.0005179233779482063
burnout_index_weather_augmented,regression,HistGBReg_lr002_leaf63_l2,deep_sleep_percentage,0.0031311681756641674,0.001039891072181295
burnout_index_weather_augmented,regression,HistGBReg_lr002_leaf63_l2,sleep_aid_used,0.001737114594047277,0.00028342352530865664
burnout_index_weather_augmented,regression,HistGBReg_lr002_leaf63_l2,caffeine_mg_before_bed,0.0015921271378550965,0.00011765878580602406
burnout_index_weather_augmented,regression,HistGBReg_lr002_leaf63_l2,exercise_day,0.001428897687933639,0.0003854654320449625
burnout_index_weather_augmented,regression,HistGBReg_lr002_leaf63_l2,chronotype,0.0013060830769508665,0.0003125138537366909
burnout_index_weather_augmented,regression,HistGBReg_lr002_leaf63_l2,age,0.001231992387902725,0.0002716667068126281
burnout_index_weather_augmented,regression,HistGBReg_lr002_leaf63_l2,nap_duration_mins,0.0008547974474914696,0.00042006774589277576
burnout_index_weather_augmented,regression,HistGBReg_lr002_leaf63_l2,heart_rate_resting_bpm,0.0007483647416038167,0.00020499970044899783
burnout_index_weather_augmented,regression,HistGBReg_lr002_leaf63_l2,alcohol_units_before_bed,0.0006746254819432288,0.00030564294833551137
burnout_index_weather_augmented,regression,HistGBReg_lr002_leaf63_l2,screen_time_before_bed_mins,0.00037586076018355136,0.00017775641997678335
burnout_index_weather_augmented,regression,HistGBReg_lr002_leaf63_l2,person_id,8.859004316352781e-05,5.491613279295996e-05
burnout_index_weather_augmented,regression,HistGBReg_lr002_leaf63_l2,country,4.87309228721274e-05,3.704221088589779e-05
burnout_index_weather_augmented,regression,HistGBReg_lr002_leaf63_l2,steps_that_day,2.7105719552333873e-05,3.0043039431167567e-05
burnout_index_weather_augmented,regression,HistGBReg_lr002_leaf63_l2,gender,2.696063214865004e-06,2.3616099012679795e-05
burnout_index_weather_augmented,regression,HistGBReg_lr002_leaf63_l2,season,-3.359173582177336e-05,1.740037209640295e-05
